{
  "best_val_loss": 1.6225502252578736,
  "best_val_acc": 0.3814814814814815,
  "test_loss": 1.5997377969600537,
  "test_acc": 0.362962962962963,
  "class_names": [
    "Crazing",
    "Inclusion",
    "Patches",
    "Pitted_Surface",
    "Rolled-in_Scale",
    "Scratches"
  ],
  "classification_report": {
    "Crazing": {
      "precision": 0.0,
      "recall": 0.0,
      "f1-score": 0.0,
      "support": 45.0
    },
    "Inclusion": {
      "precision": 0.2631578947368421,
      "recall": 0.3333333333333333,
      "f1-score": 0.29411764705882354,
      "support": 45.0
    },
    "Patches": {
      "precision": 0.7272727272727273,
      "recall": 0.5333333333333333,
      "f1-score": 0.6153846153846154,
      "support": 45.0
    },
    "Pitted_Surface": {
      "precision": 0.2972972972972973,
      "recall": 0.7333333333333333,
      "f1-score": 0.4230769230769231,
      "support": 45.0
    },
    "Rolled-in_Scale": {
      "precision": 0.0,
      "recall": 0.0,
      "f1-score": 0.0,
      "support": 45.0
    },
    "Scratches": {
      "precision": 0.37681159420289856,
      "recall": 0.5777777777777777,
      "f1-score": 0.45614035087719296,
      "support": 45.0
    },
    "accuracy": 0.362962962962963,
    "macro avg": {
      "precision": 0.27742325225162756,
      "recall": 0.362962962962963,
      "f1-score": 0.29811992273292587,
      "support": 270.0
    },
    "weighted avg": {
      "precision": 0.2774232522516275,
      "recall": 0.362962962962963,
      "f1-score": 0.2981199227329258,
      "support": 270.0
    }
  },
  "confusion_matrix": [
    [
      0,
      6,
      2,
      33,
      0,
      4
    ],
    [
      0,
      15,
      0,
      5,
      0,
      25
    ],
    [
      0,
      1,
      24,
      19,
      0,
      1
    ],
    [
      0,
      8,
      2,
      33,
      0,
      2
    ],
    [
      0,
      18,
      1,
      15,
      0,
      11
    ],
    [
      0,
      9,
      4,
      6,
      0,
      26
    ]
  ],
  "resolved_data_dir": "C:\\Ki3nam4\\monthu5\\csc4005-lab1-neu-mlp-VietHung04\\NEU-CLS_extracted"
}